country,slug,iso2
Saint-Martin (French part),saint-martin-french-part,MF
Tajikistan,tajikistan,TJ
Guatemala,guatemala,GT
Puerto Rico,puerto-rico,PR
Qatar,qatar,QA
Italy,italy,IT
Nepal,nepal,NP
Algeria,algeria,DZ
Costa Rica,costa-rica,CR
Hungary,hungary,HU
Malta,malta,MT
Mongolia,mongolia,MN
Slovakia,slovakia,SK
Barbados,barbados,BB
British Indian Ocean Territory,british-indian-ocean-territory,IO
Angola,angola,AO
Martinique,martinique,MQ
Myanmar,myanmar,MM
Turkmenistan,turkmenistan,TM
Holy See (Vatican City State),holy-see-vatican-city-state,VA
Marshall Islands,marshall-islands,MH
New Caledonia,new-caledonia,NC
Slovenia,slovenia,SI
Swaziland,swaziland,SZ
Zambia,zambia,ZM
Burundi,burundi,BI
Canada,canada,CA
China,china,CN
Bolivia,bolivia,BO
Lesotho,lesotho,LS
Montserrat,montserrat,MS
Mozambique,mozambique,MZ
Réunion,réunion,RE
Antarctica,antarctica,AQ
Belize,belize,BZ
Switzerland,switzerland,CH
Wallis and Futuna Islands,wallis-and-futuna-islands,WF
Saudi Arabia,saudi-arabia,SA
South Africa,south-africa,ZA
Suriname,suriname,SR
French Polynesia,french-polynesia,PF
Jordan,jordan,JO
Senegal,senegal,SN
Vanuatu,vanuatu,VU
Congo (Kinshasa),congo-kinshasa,CD
Dominica,dominica,DM
El Salvador,el-salvador,SV
Sao Tome and Principe,sao-tome-and-principe,ST
South Georgia and the South Sandwich Islands,south-georgia-and-the-south-sandwich-islands,GS
"Virgin Islands, US",virgin-islands,VI
Namibia,namibia,NA
Nigeria,nigeria,NG
Palestinian Territory,palestine,PS
Azerbaijan,azerbaijan,AZ
Bosnia and Herzegovina,bosnia-and-herzegovina,BA
Cameroon,cameroon,CM
Ghana,ghana,GH
Greenland,greenland,GL
Mexico,mexico,MX
Sri Lanka,sri-lanka,LK
Guam,guam,GU
Malaysia,malaysia,MY
Romania,romania,RO
Tokelau,tokelau,TK
Uzbekistan,uzbekistan,UZ
Ecuador,ecuador,EC
Guadeloupe,guadeloupe,GP
Congo (Brazzaville),congo-brazzaville,CG
Sweden,sweden,SE
Mauritius,mauritius,MU
Niue,niue,NU
"Taiwan, Republic of China",taiwan,TW
Trinidad and Tobago,trinidad-and-tobago,TT
Antigua and Barbuda,antigua-and-barbuda,AG
Austria,austria,AT
Panama,panama,PA
Saint Kitts and Nevis,saint-kitts-and-nevis,KN
United Kingdom,united-kingdom,GB
Botswana,botswana,BW
Denmark,denmark,DK
Mauritania,mauritania,MR
Kuwait,kuwait,KW
United Arab Emirates,united-arab-emirates,AE
Anguilla,anguilla,AI
Bahrain,bahrain,BH
Indonesia,indonesia,ID
Spain,spain,ES
French Southern Territories,french-southern-territories,TF
Germany,germany,DE
Iraq,iraq,IQ
Finland,finland,FI
Kiribati,kiribati,KI
Thailand,thailand,TH
Belarus,belarus,BY
Chile,chile,CL
Liberia,liberia,LR
Malawi,malawi,MW
Maldives,maldives,MV
Cuba,cuba,CU
Gibraltar,gibraltar,GI
India,india,IN
Kyrgyzstan,kyrgyzstan,KG
Andorra,andorra,AD
Bermuda,bermuda,BM
Ireland,ireland,IE
Latvia,latvia,LV
Turks and Caicos Islands,turks-and-caicos-islands,TC
Comoros,comoros,KM
Liechtenstein,liechtenstein,LI
Montenegro,montenegro,ME
Oman,oman,OM
Tunisia,tunisia,TN
Bahamas,bahamas,BS
Bhutan,bhutan,BT
Uganda,uganda,UG
Argentina,argentina,AR
Australia,australia,AU
Haiti,haiti,HT
Rwanda,rwanda,RW
Solomon Islands,solomon-islands,SB
"Tanzania, United Republic of",tanzania,TZ
Heard and Mcdonald Islands,heard-and-mcdonald-islands,HM
Tonga,tonga,TO
Kazakhstan,kazakhstan,KZ
US Minor Outlying Islands,us-minor-outlying-islands,UM
Pitcairn,pitcairn,PN
Bouvet Island,bouvet-island,BV
Colombia,colombia,CO
Ethiopia,ethiopia,ET
Togo,togo,TG
Sudan,sudan,SD
Venezuela (Bolivarian Republic),venezuela,VE
French Guiana,french-guiana,GF
Kenya,kenya,KE
Peru,peru,PE
Lao PDR,lao-pdr,LA
Equatorial Guinea,equatorial-guinea,GQ
Israel,israel,IL
Western Sahara,western-sahara,EH
Eritrea,eritrea,ER
Mali,mali,ML
New Zealand,new-zealand,NZ
Benin,benin,BJ
Guinea-Bissau,guinea-bissau,GW
Palau,palau,PW
"Macedonia, Republic of",macedonia,MK
Côte d'Ivoire,cote-divoire,CI
Japan,japan,JP
Republic of Kosovo,kosovo,XK
Morocco,morocco,MA
Bangladesh,bangladesh,BD
Lebanon,lebanon,LB
Saint Pierre and Miquelon,saint-pierre-and-miquelon,PM
Seychelles,seychelles,SC
Zimbabwe,zimbabwe,ZW
Mayotte,mayotte,YT
Djibouti,djibouti,DJ
Faroe Islands,faroe-islands,FO
Viet Nam,vietnam,VN
Czech Republic,czech-republic,CZ
Fiji,fiji,FJ
Netherlands,netherlands,NL
Korea (North),korea-north,KP
Paraguay,paraguay,PY
Portugal,portugal,PT
Cyprus,cyprus,CY
Norfolk Island,norfolk-island,NF
Saint Vincent and Grenadines,saint-vincent-and-the-grenadines,VC
Chad,chad,TD
Niger,niger,NE
United States of America,united-states,US
Christmas Island,christmas-island,CX
Saint-Barthélemy,saint-barthélemy,BL
Gabon,gabon,GA
Saint Helena,saint-helena,SH
Russian Federation,russia,RU
Grenada,grenada,GD
Moldova,moldova,MD
Sierra Leone,sierra-leone,SL
Saint Lucia,saint-lucia,LC
Armenia,armenia,AM
Iceland,iceland,IS
Korea (South),korea-south,KR
American Samoa,american-samoa,AS
South Sudan,south-sudan,SS
Luxembourg,luxembourg,LU
Estonia,estonia,EE
Lithuania,lithuania,LT
Isle of Man,isle-of-man,IM
Libya,libya,LY
Netherlands Antilles,netherlands-antilles,AN
Singapore,singapore,SG
Central African Republic,central-african-republic,CF
France,france,FR
Greece,greece,GR
Guyana,guyana,GY
Papua New Guinea,papua-new-guinea,PG
Svalbard and Jan Mayen Islands,svalbard-and-jan-mayen-islands,SJ
Nauru,nauru,NR
Bulgaria,bulgaria,BG
"Iran, Islamic Republic of",iran,IR
Norway,norway,NO
Philippines,philippines,PH
Syrian Arab Republic (Syria),syria,SY
Jamaica,jamaica,JM
Croatia,croatia,HR
Egypt,egypt,EG
Aruba,aruba,AW
British Virgin Islands,british-virgin-islands,VG
Cook Islands,cook-islands,CK
Guernsey,guernsey,GG
Somalia,somalia,SO
ALA Aland Islands,ala-aland-islands,AX
"Macao, SAR China",macao-sar-china,MO
Pakistan,pakistan,PK
Afghanistan,afghanistan,AF
Georgia,georgia,GE
"Micronesia, Federated States of",micronesia,FM
Samoa,samoa,WS
Timor-Leste,timor-leste,TL
Tuvalu,tuvalu,TV
Monaco,monaco,MC
Poland,poland,PL
Cocos (Keeling) Islands,cocos-keeling-islands,CC
Gambia,gambia,GM
Jersey,jersey,JE
Cambodia,cambodia,KH
Cayman Islands,cayman-islands,KY
Ukraine,ukraine,UA
Yemen,yemen,YE
Falkland Islands (Malvinas),falkland-islands-malvinas,FK
Albania,albania,AL
Brazil,brazil,BR
Turkey,turkey,TR
Dominican Republic,dominican-republic,DO
Honduras,honduras,HN
Nicaragua,nicaragua,NI
Northern Mariana Islands,northern-mariana-islands,MP
Brunei Darussalam,brunei,BN
Cape Verde,cape-verde,CV
Belgium,belgium,BE
Burkina Faso,burkina-faso,BF
Madagascar,madagascar,MG
San Marino,san-marino,SM
Serbia,serbia,RS
Uruguay,uruguay,UY
Guinea,guinea,GN
"Hong Kong, SAR China",hong-kong-sar-china,HK
